{"IcoMoonType":"selection","icons":[{"icon":{"paths":["M426 704l256-192-256-192v384zM512 86q176 0 301 125t125 301-125 301-301 125-301-125-125-301 125-301 301-125z"],"attrs":[{}],"isMulticolor":false,"isMulticolor2":false,"tags":["play_circle_filled"],"grid":24},"attrs":[{}],"properties":{"order":1,"id":0,"prevSize":24,"code":59648,"name":"play_circle_filled"},"setIdx":0,"setId":2,"iconIdx":0}],"height":1024,"metadata":{"name":"icomoon"},"preferences":{"showGlyphs":true,"showQuickUse":true,"showQuickUse2":true,"showSVGs":true,"fontPref":{"prefix":"icon-","metadata":{"fontFamily":"icomoon"},"metrics":{"emSize":1024,"baseline":6.25,"whitespace":50},"embed":false},"imagePref":{"prefix":"icon-","png":true,"useClassSelector":true,"color":0,"bgColor":16777215,"classSelector":".icon"},"historySize":50,"showCodes":true,"gridSize":16}}